location,checkout,dairy,drinks,fruit,spices
checkout,1.0,0.0,0.0,0.0,0.0
dairy,0.24401657975665195,0.37625350982751704,0.13918973124749298,0.11846503543254445,0.12207514373579356
drinks,0.25679980396961527,0.012987012987012988,0.5218083802989464,0.10475373682920852,0.10365106591521686
fruit,0.27597753294448046,0.1316699071073666,0.07528623892849427,0.4475048606610499,0.06956146035860877
spices,0.10626764539808017,0.13698475437605873,0.11564088085827216,0.06448334274421232,0.5766233766233766
